{"cameraMode":{"drawMode":0,"name":"Shaded","section":"Shading Mode"},"sceneLighting":true,"audioPlay":false,"sceneViewState":{"m_AlwaysRefresh":false,"showFog":true,"showSkybox":true,"showFlares":true,"showImageEffects":true,"showParticleSystems":true,"showVisualEffectGraphs":true,"m_FxEnabled":true},"in2DMode":false,"pivot":{"x":11.79510498046875,"y":-22.965721130371095,"z":-31.96826934814453},"rotation":{"x":-0.056085821241140369,"y":-0.9417918920516968,"z":0.26523327827453616,"w":-0.19927139580249787},"size":27.687421798706056,"orthographic":false}